Sites to search,Reliability,Oped?,Pay?,Notes,timestamp,score,Label,name,AdditionalData,attribute,value
*.abc.net.au/*,Perennial,Y*,N,,,,,,,,
*.abcnews.go.com/*,Perennial,N,N,,0x00061a149afa1693,1.0,,_include_,,original_url,abcnews.go.com
*.afp.com/*,Perennial,N,Y,,0x00061a14b25769e1,1.0,,_include_,,original_url,AFP.com
*.aljazeera.com/*,Perennial,Y / Y,N,,0x00061a14c4af03f4,1.0,,_include_,,original_url,Aljazeera.com
*.americanpressinstitute.org/*,,N,N,,,,,,,,
*.amnesty.org/*,Perennial,Y*?,N,,0x00061a14c4c64a8e,1.0,,_include_,,original_url,Amnesty.org
*.apnews.com/*,Perennial,N,N,,0x00061a149afa16db,1.0,,_include_,,original_url,APnews.com
*.arte.tv/en/*,State Media Monitor,N,N,,,,,,,,
*.arstechnica.com/*,Perennial,N,N,,0x00061a14c4f5ab72,1.0,,_include_,,original_url,arstechnica.com
*.atlasobscura.com/articles*,Perennial,Y / Y,N,,0x00061a14dd96bff9,1.0,,_include_,,original_url,https://*.atlasobscura.com/
*.avclub.com/*,Perennial,Y*,Y,,0x00061a14ddc1290b,1.0,,_include_,,original_url,avclub.com
*.axios.com/*,Perennial,Y*,N,,0x00061a149afa171b,1.0,,_include_,,original_url,Axios.com
*.bbc.com/*,Perennial,N,N,,0x00061a149afa1b12,1.0,,_include_,,original_url,bbc.com
*.behindthevoiceactors.com/*,Perennial,Y / Y,N,,0x00061a14dde818f2,1.0,,_include_,,original_url,https://*.behindthevoiceactors.com
*.bellingcat.com/*,Perennial,N,N,,0x00061a14ddfd8399,1.0,,_include_,,original_url,bellingcat.com
*.bloomberg.com/*,Perennial,Y,Y,,0x00061a149afa175c,1.0,,_include_,,original_url,Bloomberg.com
*.burkespeerage.com/*,Perennial,N,Y,,0x00061a14de142128,1.0,,_include_,,original_url,burkespeerage.com
*.buzzfeednews.com/*,Perennial,Y*,N,Can only filter by author,0x00061a14de2b8e0c,1.0,,_include_,,original_url,buzzfeednews.com
*.calmatters.org/*,INN,Y / Y,N,,,,,,,,
*.cbc.ca/*,State Media Monitor,N,N,,,,,,,,
*.cbsnews.com/*,Perennial,N,N,,0x00061a149afa17c3,1.0,,_include_,,original_url,CBSnews.com
*.channel4.com/*,State Media Monitor,N,N,,,,,,,,
*.cjr.org/*,INN Affiliate,Y / Y,N,,,,,,,,
*.climatefeedback.org/*,Perennial,N,N,,0x00061a14de3f1bfb,1.0,,_include_,,original_url,climatefeedback.org
*.cnn.com/*,Perennial,Y / Y,N,,0x00061a149afa1803,1.0,,_include_,,original_url,CNN.com
*.codastory.com/*,Perennial,N,N,,0x00061a14de5294c4,1.0,,_include_,,original_url,codastory.com
*.commonsensemedia.org/*,Perennial,N,N,,0x00061a14de68ebe5,1.0,,_include_,,original_url,https://*.commonsensemedia.org
*.csmonitor.com/*,Perennial,Y,Y,,0x00061a149afa1b51,1.0,,_include_,,original_url,Csmonitor.com
*.current.org/*,INN,Y*,N?,,,,,,,,
*.deadline.com/*,Perennial,Y*,N,,0x00061a14deaa1366,1.0,,_include_,,original_url,deadline.com
*.deseret.com/*,Perennial,Y / Y,N,,0x00061a14debe5a0f,1.0,,_include_,,original_url,Deseret.com
*.digitalspy.com/*,Perennial,Y / Y,N,,0x00061a14deeab58a,1.0,,_include_,,original_url,digitalspy.com
*.dw.com/*,Perennial,Y / Y,N,,0x00061a14ded2b4e6,1.0,,_include_,,original_url,*.dw.com
*.economist.com/*,Perennial,Y,Y,,0x00061a14df123f76,1.0,,_include_,,original_url,economist.com
*.editorandpublisher.com/*,,N,N?,,,,,,,,
*.efe.com/en/*,State Media Monitor,N?,N,,,,,,,,
*.engadget.com/*,Perennial,N?,N,,0x00061a14f3a802f4,1.0,,_include_,,original_url,*.engadget.com
*.ew.com/*,Perennial,Y / Y,N,,0x00061a14f3bd2adf,1.0,,_include_,,original_url,ew.com
*.foreignaffairs.com/*,,,Y,,,,,,,,
*.foreignpolicy.com/*,,Y*,Y,,,,,,,,
*.france24.com/en/*,State Media Monitor,N?,N,,,,,,,,
*.ft.com/*,Perennial,Y*,Y,,0x00061a14f3d1d14c,1.0,,_include_,,original_url,ft.com
*.fullfact.org/*,Perennial,N,N,,0x00061a1531c0f6c7,1.0,,_include_,,original_url,fullfact.org
*.gamedeveloper.com/*,Perennial,Y*,N,,0x00061a14f3e6bffd,1.0,,_include_,,original_url,gamedeveloper.com
*.gameinformer.com/*,Perennial,N?,N,,0x00061a14f3fb7b35,1.0,,_include_,,original_url,*.gameinformer.com
*.gijn.org/stories/*,INN affiliate,N?,N,,,,,,,,
*.gizmodo.com/*,Perennial,N,N,Gizmodo bot only has 1 story,0x00061a14f422ef0b,1.0,,_include_,,original_url,Gizmodo.com
*.gq.com/*,Perennial,N,N,,0x00061a14f44722e5,1.0,,_include_,,original_url,gq.com
*.grubstreet.com/*,Perennial,Y,Y,,,,,,,,
*.haaretz.com/*,Perennial,Y,Y,,0x00061a14f4588074,1.0,,_include_,,original_url,haaretz.com
*.hollywoodreporter.com/*,Perennial,N,Y,,0x00061a14f4856c4e,1.0,,_include_,,original_url,hollywoodreporter.com
*.idolator.com/*,Perennial,Y*,N,Last reviewed in 2014…,0x00061a14f49b7b32,1.0,,_include_,,original_url,*.idolator.com
*.illustrateddailynews.com/*,Perennial,Y / Y,N,,,,,,,,
*.indianexpress.com/*,Perennial,Y,Y,Still able to criticize BJP?,0x00061a14f4d356d8,1.0,,_include_,,original_url,indianexpress.com
*.inn.org/*,GIJN,N?,N,,,,,,,,
*.ipsnews.net/*,Perennial,Y*,N,,0x00061a14f4f899c7,1.0,,_include_,,original_url,*.ipsnews.net
*.iranicaonline.org/*,Perennial,N,N,,0x00061a14f394b947,1.0,,_include_,,original_url,iranicaonline.org
*.jamanetwork.com/*,Perennial,Y*,Y,,0x00061a1531d790aa,1.0,,_include_,,original_url,jamanetwork.com
*.journalismresearch.org/*,,N,N,,,,,,,,
*.kbs-america.com/*,State Media Monitor,N,N,,,,,,,,
*.kirkusreviews.com/*,Perennial,Y*,N,,0x00061a1531fe3ce3,1.0,,_include_,,original_url,kirkusreviews.com
*.knpr.org/*,INN,N,N,,,,,,,,
*.kqed.org/*,INN,Y / Y,N,,,,,,,,
*.latimes.com/*,Perennial,Y,Y,,0x00061a1532110518,1.0,,_include_,,original_url,latimes.com
*.metacritic.com/*,Perennial,Y*,N,,0x00061a15324a22e2,1.0,,_include_,,original_url,*.metacritic.com
*.mg.co.za/*,Perennial,Y,Y,,0x00061a15322379eb,1.0,,_include_,,original_url,*.mg.co.za
*.mondediplo.com/*,Perennial,Y,Y,,0x00061a15325e3744,1.0,,_include_,,original_url,https://mondediplo.com/
*.motherjones.com/*,Perennial,N,N,,0x00061a149afa154d,1.0,,_include_,,original_url,motherjones.com
*.msnbc.com/*,Perennial,Y / Y,N,,0x00061a149afa1590,1.0,,_include_,,original_url,MSNBC.com
*.nationalgeographic.com/*,Perennial,Y,Y,,0x00061a1532728128,1.0,,_include_,,original_url,nationalgeographic.com
*.nbcnews.com/*,Perennial,Y / Y,N,,0x00061a149afa1895,1.0,,_include_,,original_url,nbcnews.com
*.newrepublic.com/*,Perennial,N,N,,0x00061a15328a2aa5,1.0,,_include_,,original_url,newrepublic.com
*.news.err.ee/*,State Media Monitor,?,N,,,,,,,,
*.news.sky.com/*,Perennial,Y*,N,,0x00061a15343f2351,1.0,,_include_,,original_url,news.sky.com
*.newslaundry.com/*,Perennial,N,N,,0x00061a1532db0d9a,1.0,,_include_,,original_url,newslaundry.com
*.newyorker.com/*,Perennial,Y*,Y,,0x00061a149afa15d1,1.0,,_include_,,original_url,Newyorker.com
*.niemanlab.org/*,,N,N,,,,,,,,
*.nme.com/*,State Media Monitor,N,N,,0x00061a1532f174c4,1.0,,_include_,,original_url,*.nme.com
*.npr.org/*,Perennial,Y / Y,N,,0x00061a149afa1922,1.0,,_include_,,original_url,npr.org
*.nydailynews.com/*,Perennial,Y*,Y,,0x00061a1532b3c9be,1.0,,_include_,,original_url,*.nydailynews.com
*.nymag.com/*,Perennial,Y*,Y,,0x00061a1532a144a3,1.0,,_include_,,original_url,nymag.com
*.nytimes.com/*,Perennial,Y,Y,,0x00061a149afa18e5,1.0,,_include_,,original_url,nytimes.com
*.nzherald.co.nz/*,Perennial,Y,Y,Seems sensationalist - propose reevaluation?,0x00061a1532c57066,1.0,,_include_,,original_url,nzherald.co.nz
*.oko.press/*,Perennial,Y*,N,,0x00061a153304f104,1.0,,_include_,,original_url,OKO.press
*.pbcjamaica.org/*,State Media Monitor,N,N,,,,,,,,
*.pbs.org/*,State Media Monitor,N,N,,,,,,,,
*.people.com/*,Perennial,N,N,,0x00061a1533184d11,1.0,,_include_,,original_url,people.com
*.philanthropy.com/*,INN,Y*,Y,,,,,,,,
*.pmn.co.nz/*,State Media Monitor,N?,N,,,,,,,,
*.politico.com/*,Perennial,Y*,N,,0x00061a149afa1962,1.0,,_include_,,original_url,politico.com
*.politifact.com/*,Perennial,N,N,,0x00061a14b26af10c,1.0,,_include_,,original_url,Politifact.com
*.polygon.com/*,Perennial,N,N,,0x00061a1533673c92,1.0,,_include_,,original_url,polygon.com
*.poynter.org/*,,Y / Y,N,,,,,,,,
*.propublica.org/*,Perennial,N,N,,0x00061a149afa19ab,1.0,,_include_,,original_url,propublica.org
*.pulitzercenter.org/*,INN,Y / Y,N,,,,,,,,
*.qz.com/*,Perennial,Y,Y,,0x00061a15337ddcab,1.0,,_include_,,original_url,qz.com
*.rappler.com/*,Perennial,Y / Y,N,,0x00061a1533ab057e,1.0,,_include_,,original_url,rappler.com
*.reason.com/*,Perennial,Y* / Y*,N,,0x00061a149afa1ca4,1.0,,_include_,,original_url,reason.com
*.religionnews.com/*,Perennial,Y*,N,,0x00061a1533d7feae,1.0,,_include_,,original_url,https://religionnews.com
*.reuters.com/*,Perennial,Y*,N,,0x00061a149afa1be4,1.0,,_include_,,original_url,reuters.com
*.rfa.org/*,State Media Monitor,Y / Y,N,,0x00061a153393ab08,1.0,,_include_,,original_url,rfa.org
*.rnz.co.nz/*,State Media Monitor,Y / Y,N,,,,,,,,
*.rottentomatoes.com/*,Perennial,Y / Y,N,,0x00061a186c0eec97,1.0,,_include_,,original_url,*.rottentomatoes.com
*.rte.ie/,State Media Monitor,Y / Y,N,,0x00061a1533edc0a0,1.0,,_include_,,original_url,https://*.rte.ie/
*.rtvslo.si/radio-si*,State Media Monitor,N,N,,,,,,,,
*.sbs.com.au/*,State Media Monitor,N,N,,,,,,,,
*.sciencebasedmedicine.org/*,Perennial,Y*,N,Some member-only posts,0x00061a153402a259,1.0,,_include_,,original_url,*.sciencebasedmedicine.org
*.scientificamerican.com/,Perennial,Y*,Y,,0x00061a1534186f2d,1.0,,_include_,,original_url,https://*.scientificamerican.com/
*.scotusblog.com/*,Perennial,Y*,N,,0x00061a15342b0791,1.0,,_include_,,original_url,scotusblog.com
*.sfchronicle.com/*,,Y,Y,,,,,,,,
*.smh.com.au/*,Perennial,Y*,Y,,0x00061a153481026c,1.0,,_include_,,original_url,smh.com.au
*.snopes.com/*,Perennial,N,N,,0x00061a14b27ea83e,1.0,,_include_,,original_url,Snopes.com
*.spiegel.de/international/*,Perennial,Y,N,,0x00061a15346cf2e8,1.0,,_include_,,original_url,spiegel.de
*.splcenter.org/*,Perennial,N?,N,,,,,,,,
*.swissinfo.ch/eng/*,State Media Monitor,Y / Y,N,,,,,,,,
*.telegraph.co.uk/*,Perennial,Y*,Y,,0x00061a14de9614d2,1.0,,_include_,,original_url,telegraph.co.uk
*.texastribune.org/*,INN,N,N,,,,,,,,
*.theage.com.au/*,Perennial,Y*,Y,,0x00061a14bd461414,1.0,,_include_,,original_url,theage.com.au
*.theatlantic.com/*,Perennial,Y,Y,,0x00061a149afa13fb,1.0,,_include_,,original_url,*.theatlantic.com
*.theaustralian.com.au/*,Perennial,Y*,Y,Murdoch,0x00061a14ddab6cc4,1.0,,_include_,,original_url,*.theaustralian.com.au
*.theconversation.com/*,Perennial,Y*?,N,,0x00061a14de804781,1.0,,_include_,,original_url,theconversation.com
*.thecut.com/*,Perennial,Y*,Y,,,,,,,,
*.thediplomat.com/*,Perennial,Y*,Y,,0x00061a14defe74c9,1.0,,_include_,,original_url,thediplomat.com
*.theglobeandmail.com/*,Perennial,Y,Y,,0x00061a14f4354ee7,1.0,,_include_,,original_url,theglobeandmail.com
*.theguardian.com/*,Perennial,Y / Y,N,,0x00061a149afa1842,1.0,,_include_,,original_url,theguardian.com
*.thehill.com/*,Perennial,Y / Y,N,,0x00061a149afa1c26,1.0,,_include_,,original_url,thehill.com
*.thehindu.com/*,Perennial,Y,Y,Still able to criticize BJP?,0x00061a14f46f54d8,1.0,,_include_,,original_url,thehindu.com
*.theintercept.com/*,Perennial,N,N,,0x00061a149afa14ca,1.0,,_include_,,original_url,*.theintercept.com
*.themarysue.com/*,Perennial,Y*,N,,0x00061a15323561bb,1.0,,_include_,,original_url,*.themarysue.com
*.thenation.com/*,Perennial,Y*,Y,,0x00061a149afa1614,1.0,,_include_,,original_url,thenation.com
*.thepinknews.com/*,Perennial,Y*,N,,0x00061a15333f089e,1.0,,_include_,,original_url,thepinknews.com
*.theregister.com/*,Perennial,Y / Y,N,,0x00061a1533c0f876,1.0,,_include_,,original_url,*.theregister.com
*.thetimes.co.uk/*,Perennial,Y,Y?,,,,,,,,
*.theverge.com/*,Perennial,N,N,,0x00061a1534e83a82,1.0,,_include_,,original_url,theverge.com
*.thewire.in/*,Perennial,Y*,N,Still able to criticize BJP?,0x00061a1535384433,1.0,,_include_,,original_url,thewire.in
*.time.com/*,Perennial,Y*,Y,,0x00061a149afa19ec,1.0,,_include_,,original_url,Time.com
*.torrentfreak.com/*,Perennial,Y*,N,,,,,,,,
*.towcenter.columbia.edu/*,,N,N,Is there indexable content here? Or mostly links to other sites?,,,,,,,
*.tvnz.co.nz/*,State Media Monitor,N,N,,,,,,,,
*.usatoday.com/*,Perennial,Y,Y,,0x00061a149afa1a7d,1.0,,_include_,,original_url,usatoday.com
*.usnews.com/*,Perennial,Y / Y,N,,0x00061a1534950b92,1.0,,_include_,,original_url,usnews.com
*.vanityfair.com/*,Perennial,N,Y,,0x00061a1534ab8123,1.0,,_include_,,original_url,vanityfair.com
*.variety.com/*,Perennial,Y / Y,N,,0x00061a1534be4d1b,1.0,,_include_,,original_url,variety.com
*.venturebeat.com/*,Perennial,N,Y,,0x00061a1534d2b310,1.0,,_include_,,original_url,venturebeat.com
*.voanews.com/*,Perennial,N,N,,0x00061a15351103bb,1.0,,_include_,,original_url,voanews.com
*.vogue.com/*,Perennial,Y*,Y,,0x00061a1534fc98da,1.0,,_include_,,original_url,vogue.com
*.vox.com/*,Perennial,Y / Y,Y,,0x00061a149afa1654,1.0,,_include_,,original_url,Vox.com
*.vulture.com/*,Perennial,N,Y,,,,,,,,
*.wabe.org/*,INN,N,N,,,,,,,,
*.washingtonpost.com/*,Perennial,Y,Y,,0x00061a149afa1a2c,1.0,,_include_,,original_url,washingtonpost.com
*.wfae.org/*,INN,Y / Y,N,,,,,,,,
*.whyy.org/*,INN,Y*,N,,,,,,,,
*.wired.com/*,Perennial,Y*,Y,,0x00061a15354f6780,1.0,,_include_,,original_url,wired.com
*.wnyc.org/*,INN,N?,N,,,,,,,,
*.wsj.com/*,Perennial,Y*,Y,,0x00061a149afa1c64,1.0,,_include_,,original_url,WSJ.com
*.wyborcza.pl/*,Perennial,Y*,Y,Seems sensationalist,0x00061a14f40e9b0e,1.0,,_include_,,original_url,wyborcza.pl
*.yle.fi/news/*,State Media Monitor,N,N,,,,,,,,
https://probe.ph/*,IFCN,N,N,,,,,,,,
https://www.dubawa.org/*,IFCN,N,N,,,,,,,,
https://www.lrt.lt/en/*,IFCN,N,N,,,,,,,,
https://www.fatabyyano.net/en/*,IFCN,N,N,,,,,,,,
https://apnews.com/*fact-check*,Perennial,N,N,,,,,,,,
http://www.vishvasnews.com/*fact-check*,IFCN,N,N,,,,,,,,
https://211check.org/*,IFCN,N,N,,,,,,,,
http://annielab.org/*,IFCN,N,N,,,,,,,,
https://www.aap.com.au/factcheck*,IFCN,N,N,,,,,,,,
http://www.boomlive.in/fact-check*,IFCN,N,N,,,,,,,,
http://checkyourfact.com/*,IFCN,N,N,,,,,,,,
https://www.dw.com/*fact-check*,Perennial,N,N,,,,,,,,
https://dfrac.org/*fact-check*,IFCN,N,N,,,,,,,,
https://www.wisconsinwatch.org/*,IFCN,N,N,,,,,,,,
https://verafiles.org/*fact-check*,IFCN,N,N,,,,,,,,
https://www.usatoday.com/*factcheck*,Perennial,N,N,,,,,,,,
https://www.washingtonpost.com/*fact-check/*,Perennial,N,N,,,,,,,,
http://www.thejournal.ie/factcheck*,IFCN,N,N,,,,,,,,
https://www.thequint.com/*webqoof*,IFCN,N,N,,,,,,,,
https://tsmliberia.com/*,IFCN,N,N,,,,,,,,
https://www.thecanadianpressnews.ca/fact-checking*,IFCN,N,N,,,,,,,,
https://thedispatch.com/*fact-check*,IFCN,N,N,,,,,,,,
https://www.thip.media/*fact-check*,IFCN,N,N,,,,,,,,
https://www.indiatoday.in/fact-check*,IFCN,N,N,,,,,,,,
https://www.sochfactcheck.com/*,IFCN,N,N,,,,,,,,
https://digiteye.in/*,IFCN,N,N,,,,,,,,
https://www.snopes.com/*,Perennial,N,N,,,,,,,,
https://science.feedback.org/*,IFCN,N,N,,,,,,,,
*.reuters.com/fact-check*,Perennial,N,N,,,,,,,,
https://www.rmit.edu.au/*factlab*,IFCN,N,N,,,,,,,,
https://www.rmit.edu.au/*crosscheck*,IFCN,N,N,,,,,,,,
http://www.abc.net.au/*factcheck/*,Perennial,N,N,,,,,,,,
https://pressone.ph/fact-check*,IFCN,N,N,,,,,,,,
https://www.ptinews.com/factcheck*,IFCN,N,N,,,,,,,,
http://www.politifact.com/*,Perennial,N,N,,,,,,,,
https://pesacheck.org/*,IFCN,N,N,,,,,,,,
https://pa.media/*fact-check*,IFCN,N,N,,,,,,,,
https://newsmeter.in/fact-check*,IFCN,N,N,,,,,,,,
http://www.newsmobile.in/*fact-check*,Perennial,N,N,,,,,,,,
https://mythdetector.ge/*,IFCN,N,N,,,,,,,,
https://www.mindanews.com/*fact-check*,IFCN,N,N,,,,,,,,
https://www.poynter.org/mediawise/*,IFCN,N,N,,,,,,,,
https://www.logicallyfacts.com/en/*,IFCN,N,N,,,,,,,,
https://leadstories.com/*,IFCN,N,N,,,,,,,,
https://nordishub.eu/fact-checking/*,IFCN,N,N,,,,,,,,
https://fullfact.org/*,IFCN,N,N,,,,,,,,
https://firstcheck.in/*,IFCN,N,N,,,,,,,,
https://theferret.scot/category/fact-check/*,IFCN,N,N,,,,,,,,
https://factnameh.com/en/*,IFCN,N,N,,,,,,,,
https://ghanafact.com/*,IFCN,N,N,,,,,,,,
https://facta.news/*,IFCN,N,N,,,,,,,,
https://factcrescendo.com/*,IFCN,N,N,,,,,,,,
http://factcheck.ge/en*,IFCN,N,N,,,,,,,,
http://factcheck.org/*,IFCN,N,N,,,,,,,,
http://factcheckni.org/*,IFCN,N,N,,,,,,,,
https://factcheckzw.org/*,IFCN,N,N,,,,,,,,
https://www.fact-checkghana.com/*,IFCN,N,N,,,,,,,,
https://factly.in/*,IFCN,N,N,,,,,,,,
www.digitaltrends.com/*,Perennial,Y,N,,,,,,,,
*.newsfromthestates.com/*,Republished by WP:RS,Y,N,,,,,,,,
https://www.chalkbeat.org/*,INN,,N,,,,,,,,
https://www.votebeat.org/*,INN,,N,,,,,,,,
https://www.healthbeat.org/*,(Likely) INN,,N,,,,,,,,
